First Last,First,Last,Company,Domain
Harry Siggins,Harry,Siggins,Gtmhub,www.gtmhub.com
Cory Hartlen,Cory,Hartlen,Gtmhub,www.gtmhub.com
Adrian Mepham,Adrian,Mepham,Gtmhub,www.gtmhub.com
Daniel Cmejla,Daniel,Cmejla,Chili Piper,www.chilipiper.com
Ilya Lyubimov,Ilya,Lyubimov,Gtmhub,www.gtmhub.com
Dave A Salvant,Dave,Salvant,"Squire Technologies, Inc.",www.getsquire.com
Evan Campbell,Evan,Campbell,Gtmhub,www.gtmhub.com
